
/*!40101 SET @OLD_CHARACTER_SET_CLIENT=@@CHARACTER_SET_CLIENT */;
/*!40101 SET @OLD_CHARACTER_SET_RESULTS=@@CHARACTER_SET_RESULTS */;
/*!40101 SET @OLD_COLLATION_CONNECTION=@@COLLATION_CONNECTION */;
/*!40101 SET NAMES utf8mb4 */;
/*!40103 SET @OLD_TIME_ZONE=@@TIME_ZONE */;
/*!40103 SET TIME_ZONE='+00:00' */;
/*!40014 SET @OLD_UNIQUE_CHECKS=@@UNIQUE_CHECKS, UNIQUE_CHECKS=0 */;
/*!40014 SET @OLD_FOREIGN_KEY_CHECKS=@@FOREIGN_KEY_CHECKS, FOREIGN_KEY_CHECKS=0 */;
/*!40101 SET @OLD_SQL_MODE=@@SQL_MODE, SQL_MODE='NO_AUTO_VALUE_ON_ZERO' */;
/*!40111 SET @OLD_SQL_NOTES=@@SQL_NOTES, SQL_NOTES=0 */;
DROP TABLE IF EXISTS `categories`;
/*!40101 SET @saved_cs_client     = @@character_set_client */;
/*!40101 SET character_set_client = utf8 */;
CREATE TABLE `categories` (
  `id` int(10) unsigned NOT NULL AUTO_INCREMENT,
  `parent_id` int(10) unsigned DEFAULT NULL,
  `order` int(11) NOT NULL DEFAULT '1',
  `name` varchar(255) COLLATE utf8mb4_unicode_ci NOT NULL,
  `slug` varchar(255) COLLATE utf8mb4_unicode_ci NOT NULL,
  `created_at` timestamp NULL DEFAULT NULL,
  `updated_at` timestamp NULL DEFAULT NULL,
  PRIMARY KEY (`id`),
  UNIQUE KEY `categories_slug_unique` (`slug`),
  KEY `categories_parent_id_foreign` (`parent_id`),
  CONSTRAINT `categories_parent_id_foreign` FOREIGN KEY (`parent_id`) REFERENCES `categories` (`id`) ON DELETE SET NULL ON UPDATE CASCADE
) ENGINE=InnoDB AUTO_INCREMENT=3 DEFAULT CHARSET=utf8mb4 COLLATE=utf8mb4_unicode_ci;
/*!40101 SET character_set_client = @saved_cs_client */;

LOCK TABLES `categories` WRITE;
/*!40000 ALTER TABLE `categories` DISABLE KEYS */;
INSERT INTO `categories` VALUES (1,NULL,1,'Category 1','category-1','2019-07-17 06:04:45','2019-07-17 06:04:45'),(2,NULL,1,'Category 2','category-2','2019-07-17 06:04:46','2019-07-17 06:04:46');
/*!40000 ALTER TABLE `categories` ENABLE KEYS */;
UNLOCK TABLES;
DROP TABLE IF EXISTS `category`;
/*!40101 SET @saved_cs_client     = @@character_set_client */;
/*!40101 SET character_set_client = utf8 */;
CREATE TABLE `category` (
  `id` int(10) unsigned NOT NULL AUTO_INCREMENT,
  `name` varchar(255) COLLATE utf8mb4_unicode_ci NOT NULL,
  `slug` varchar(255) COLLATE utf8mb4_unicode_ci NOT NULL,
  `created_at` timestamp NULL DEFAULT NULL,
  `updated_at` timestamp NULL DEFAULT NULL,
  PRIMARY KEY (`id`),
  UNIQUE KEY `category_name_unique` (`name`),
  UNIQUE KEY `category_slug_unique` (`slug`)
) ENGINE=InnoDB AUTO_INCREMENT=7 DEFAULT CHARSET=utf8mb4 COLLATE=utf8mb4_unicode_ci;
/*!40101 SET character_set_client = @saved_cs_client */;

LOCK TABLES `category` WRITE;
/*!40000 ALTER TABLE `category` DISABLE KEYS */;
INSERT INTO `category` VALUES (1,'Vegetables','Vegetables','2019-07-17 06:04:23','2019-07-17 06:04:23'),(2,'Fruits','fruits','2019-07-17 06:04:23','2019-07-17 06:04:23'),(3,'Dry Fruits','dry-fruits','2019-07-17 06:04:23','2019-07-17 06:04:23'),(4,'Namkeens','namkeens','2019-07-17 06:04:23','2019-07-17 06:24:31'),(5,'Bakery','bakery','2019-07-17 06:24:44','2019-07-17 06:24:44'),(6,'Flowers','flowers','2019-07-17 06:24:58','2019-07-17 06:24:58');
/*!40000 ALTER TABLE `category` ENABLE KEYS */;
UNLOCK TABLES;
DROP TABLE IF EXISTS `category_product`;
/*!40101 SET @saved_cs_client     = @@character_set_client */;
/*!40101 SET character_set_client = utf8 */;
CREATE TABLE `category_product` (
  `id` int(10) unsigned NOT NULL AUTO_INCREMENT,
  `product_id` int(10) unsigned DEFAULT NULL,
  `category_id` int(10) unsigned DEFAULT NULL,
  `created_at` timestamp NULL DEFAULT NULL,
  `updated_at` timestamp NULL DEFAULT NULL,
  PRIMARY KEY (`id`),
  KEY `category_product_product_id_foreign` (`product_id`),
  KEY `category_product_category_id_foreign` (`category_id`),
  CONSTRAINT `category_product_category_id_foreign` FOREIGN KEY (`category_id`) REFERENCES `category` (`id`) ON DELETE CASCADE,
  CONSTRAINT `category_product_product_id_foreign` FOREIGN KEY (`product_id`) REFERENCES `products` (`id`) ON DELETE CASCADE
) ENGINE=InnoDB AUTO_INCREMENT=46 DEFAULT CHARSET=utf8mb4 COLLATE=utf8mb4_unicode_ci;
/*!40101 SET character_set_client = @saved_cs_client */;

LOCK TABLES `category_product` WRITE;
/*!40000 ALTER TABLE `category_product` DISABLE KEYS */;
INSERT INTO `category_product` VALUES (1,1,1,NULL,NULL),(2,2,1,NULL,NULL),(3,3,1,NULL,NULL),(4,4,1,NULL,NULL),(5,5,1,NULL,NULL),(6,6,1,NULL,NULL),(7,7,1,NULL,NULL),(8,8,1,NULL,NULL),(9,9,1,NULL,NULL),(10,10,1,NULL,NULL),(12,12,1,NULL,NULL),(13,13,1,NULL,NULL),(14,14,1,NULL,NULL),(15,15,1,NULL,NULL),(17,17,1,NULL,NULL),(25,25,1,NULL,NULL),(31,30,1,'2019-07-17 06:31:21','2019-07-17 06:31:21'),(32,28,1,'2019-07-17 06:31:40','2019-07-17 06:31:40'),(34,26,1,'2019-07-17 06:32:18','2019-07-17 06:32:18'),(35,22,1,'2019-07-17 06:32:56','2019-07-17 06:32:56'),(36,23,1,'2019-07-17 06:32:58','2019-07-17 06:32:58'),(37,16,1,'2019-07-17 06:33:25','2019-07-17 06:33:25'),(38,11,3,'2019-07-17 06:35:13','2019-07-17 06:35:13'),(39,27,4,'2019-07-17 06:35:20','2019-07-17 06:35:20'),(40,29,3,'2019-07-17 06:35:31','2019-07-17 06:35:31'),(41,21,3,'2019-07-17 06:35:57','2019-07-17 06:35:57'),(42,18,4,'2019-07-17 06:36:08','2019-07-17 06:36:08'),(43,19,3,'2019-07-17 06:36:21','2019-07-17 06:36:21'),(44,20,4,'2019-07-17 06:36:31','2019-07-17 06:36:31'),(45,24,4,'2019-07-17 06:39:28','2019-07-17 06:39:28');
/*!40000 ALTER TABLE `category_product` ENABLE KEYS */;
UNLOCK TABLES;
DROP TABLE IF EXISTS `coupons`;
/*!40101 SET @saved_cs_client     = @@character_set_client */;
/*!40101 SET character_set_client = utf8 */;
CREATE TABLE `coupons` (
  `id` int(10) unsigned NOT NULL AUTO_INCREMENT,
  `code` varchar(255) COLLATE utf8mb4_unicode_ci NOT NULL,
  `type` varchar(255) COLLATE utf8mb4_unicode_ci NOT NULL,
  `value` int(11) DEFAULT NULL,
  `percent_off` int(11) DEFAULT NULL,
  `created_at` timestamp NULL DEFAULT NULL,
  `updated_at` timestamp NULL DEFAULT NULL,
  PRIMARY KEY (`id`),
  UNIQUE KEY `coupons_code_unique` (`code`)
) ENGINE=InnoDB AUTO_INCREMENT=3 DEFAULT CHARSET=utf8mb4 COLLATE=utf8mb4_unicode_ci;
/*!40101 SET character_set_client = @saved_cs_client */;

LOCK TABLES `coupons` WRITE;
/*!40000 ALTER TABLE `coupons` DISABLE KEYS */;
INSERT INTO `coupons` VALUES (1,'ABC123','fixed',3000,NULL,'2019-07-17 06:04:36','2019-07-17 06:04:36'),(2,'DEF456','percent',NULL,50,'2019-07-17 06:04:36','2019-07-17 06:04:36');
/*!40000 ALTER TABLE `coupons` ENABLE KEYS */;
UNLOCK TABLES;
DROP TABLE IF EXISTS `data_rows`;
/*!40101 SET @saved_cs_client     = @@character_set_client */;
/*!40101 SET character_set_client = utf8 */;
CREATE TABLE `data_rows` (
  `id` int(10) unsigned NOT NULL AUTO_INCREMENT,
  `data_type_id` int(10) unsigned NOT NULL,
  `field` varchar(255) COLLATE utf8mb4_unicode_ci NOT NULL,
  `type` varchar(255) COLLATE utf8mb4_unicode_ci NOT NULL,
  `display_name` varchar(255) COLLATE utf8mb4_unicode_ci NOT NULL,
  `required` tinyint(1) NOT NULL DEFAULT '0',
  `browse` tinyint(1) NOT NULL DEFAULT '1',
  `read` tinyint(1) NOT NULL DEFAULT '1',
  `edit` tinyint(1) NOT NULL DEFAULT '1',
  `add` tinyint(1) NOT NULL DEFAULT '1',
  `delete` tinyint(1) NOT NULL DEFAULT '1',
  `details` text COLLATE utf8mb4_unicode_ci,
  `order` int(11) NOT NULL DEFAULT '1',
  PRIMARY KEY (`id`),
  KEY `data_rows_data_type_id_foreign` (`data_type_id`),
  CONSTRAINT `data_rows_data_type_id_foreign` FOREIGN KEY (`data_type_id`) REFERENCES `data_types` (`id`) ON DELETE CASCADE ON UPDATE CASCADE
) ENGINE=InnoDB AUTO_INCREMENT=109 DEFAULT CHARSET=utf8mb4 COLLATE=utf8mb4_unicode_ci;
/*!40101 SET character_set_client = @saved_cs_client */;

LOCK TABLES `data_rows` WRITE;
/*!40000 ALTER TABLE `data_rows` DISABLE KEYS */;
INSERT INTO `data_rows` VALUES (1,1,'id','number','ID',1,0,0,0,0,0,'\"\"',1),(2,1,'author_id','text','Author',1,0,1,1,0,1,'\"\"',2),(3,1,'category_id','text','Category',1,0,1,1,1,0,'\"\"',3),(4,1,'title','text','Title',1,1,1,1,1,1,'\"\"',4),(5,1,'excerpt','text_area','excerpt',1,0,1,1,1,1,'\"\"',5),(6,1,'body','rich_text_box','Body',1,0,1,1,1,1,'\"\"',6),(7,1,'image','image','Post Image',0,1,1,1,1,1,'\"{\\\"resize\\\":{\\\"width\\\":\\\"1000\\\",\\\"height\\\":\\\"null\\\"},\\\"quality\\\":\\\"70%\\\",\\\"upsize\\\":true,\\\"thumbnails\\\":[{\\\"name\\\":\\\"medium\\\",\\\"scale\\\":\\\"50%\\\"},{\\\"name\\\":\\\"small\\\",\\\"scale\\\":\\\"25%\\\"},{\\\"name\\\":\\\"cropped\\\",\\\"crop\\\":{\\\"width\\\":\\\"300\\\",\\\"height\\\":\\\"250\\\"}}]}\"',7),(8,1,'slug','text','slug',1,0,1,1,1,1,'\"{\\\"slugify\\\":{\\\"origin\\\":\\\"title\\\",\\\"forceUpdate\\\":true}}\"',8),(9,1,'meta_description','text_area','meta_description',1,0,1,1,1,1,'\"\"',9),(10,1,'meta_keywords','text_area','meta_keywords',1,0,1,1,1,1,'\"\"',10),(11,1,'status','select_dropdown','status',1,1,1,1,1,1,'\"{\\\"default\\\":\\\"DRAFT\\\",\\\"options\\\":{\\\"PUBLISHED\\\":\\\"published\\\",\\\"DRAFT\\\":\\\"draft\\\",\\\"PENDING\\\":\\\"pending\\\"}}\"',11),(12,1,'created_at','timestamp','created_at',0,1,1,0,0,0,'\"\"',12),(13,1,'updated_at','timestamp','updated_at',0,0,0,0,0,0,'\"\"',13),(14,2,'id','number','id',1,0,0,0,0,0,'\"\"',1),(15,2,'author_id','text','author_id',1,0,0,0,0,0,'\"\"',2),(16,2,'title','text','title',1,1,1,1,1,1,'\"\"',3),(17,2,'excerpt','text_area','excerpt',1,0,1,1,1,1,'\"\"',4),(18,2,'body','rich_text_box','body',1,0,1,1,1,1,'\"\"',5),(19,2,'slug','text','slug',1,0,1,1,1,1,'\"{\\\"slugify\\\":{\\\"origin\\\":\\\"title\\\"}}\"',6),(20,2,'meta_description','text','meta_description',1,0,1,1,1,1,'\"\"',7),(21,2,'meta_keywords','text','meta_keywords',1,0,1,1,1,1,'\"\"',8),(22,2,'status','select_dropdown','status',1,1,1,1,1,1,'\"{\\\"default\\\":\\\"INACTIVE\\\",\\\"options\\\":{\\\"INACTIVE\\\":\\\"INACTIVE\\\",\\\"ACTIVE\\\":\\\"ACTIVE\\\"}}\"',9),(23,2,'created_at','timestamp','created_at',1,1,1,0,0,0,'\"\"',10),(24,2,'updated_at','timestamp','updated_at',1,0,0,0,0,0,'\"\"',11),(25,2,'image','image','image',0,1,1,1,1,1,'\"\"',12),(26,3,'id','number','id',1,0,0,0,0,0,'\"\"',1),(27,3,'name','text','name',1,1,1,1,1,1,'\"\"',2),(28,3,'email','text','email',1,1,1,1,1,1,'\"\"',3),(29,3,'password','password','password',0,0,0,1,1,0,'\"\"',4),(30,3,'user_belongsto_role_relationship','relationship','Role',0,1,1,1,1,0,'{\"model\":\"TCG\\\\Voyager\\\\Models\\\\Role\",\"table\":\"roles\",\"type\":\"belongsTo\",\"column\":\"role_id\",\"key\":\"id\",\"label\":\"display_name\",\"pivot_table\":\"roles\",\"pivot\":0}',10),(31,3,'remember_token','text','remember_token',0,0,0,0,0,0,'\"\"',5),(32,3,'created_at','timestamp','created_at',0,1,1,0,0,0,'\"\"',6),(33,3,'updated_at','timestamp','updated_at',0,0,0,0,0,0,'\"\"',7),(34,3,'avatar','image','avatar',0,1,1,1,1,1,'\"\"',8),(35,5,'id','number','id',1,0,0,0,0,0,'\"\"',1),(36,5,'name','text','name',1,1,1,1,1,1,'\"\"',2),(37,5,'created_at','timestamp','created_at',0,0,0,0,0,0,'\"\"',3),(38,5,'updated_at','timestamp','updated_at',0,0,0,0,0,0,'\"\"',4),(39,4,'id','number','id',1,0,0,0,0,0,'\"\"',1),(40,4,'parent_id','select_dropdown','parent_id',0,0,1,1,1,1,'\"{\\\"default\\\":\\\"\\\",\\\"null\\\":\\\"\\\",\\\"options\\\":{\\\"\\\":\\\"-- None --\\\"},\\\"relationship\\\":{\\\"key\\\":\\\"id\\\",\\\"label\\\":\\\"name\\\"}}\"',2),(41,4,'order','text','order',1,1,1,1,1,1,'\"{\\\"default\\\":1}\"',3),(42,4,'name','text','name',1,1,1,1,1,1,'\"\"',4),(43,4,'slug','text','slug',1,1,1,1,1,1,'\"{\\\"slugify\\\":{\\\"origin\\\":\\\"name\\\"}}\"',5),(44,4,'created_at','timestamp','created_at',0,0,1,0,0,0,'\"\"',6),(45,4,'updated_at','timestamp','updated_at',0,0,0,0,0,0,'\"\"',7),(46,6,'id','number','id',1,0,0,0,0,0,'\"\"',1),(47,6,'name','text','Name',1,1,1,1,1,1,'\"\"',2),(48,6,'created_at','timestamp','created_at',0,0,0,0,0,0,'\"\"',3),(49,6,'updated_at','timestamp','updated_at',0,0,0,0,0,0,'\"\"',4),(50,6,'display_name','text','Display Name',1,1,1,1,1,1,'\"\"',5),(51,1,'seo_title','text','seo_title',0,1,1,1,1,1,'\"\"',14),(52,1,'featured','checkbox','featured',1,1,1,1,1,1,'\"\"',15),(53,3,'role_id','text','role_id',1,1,1,1,1,1,'\"\"',9),(54,3,'user_belongstomany_role_relationship','relationship','Roles',0,1,1,1,1,0,'{\"model\":\"TCG\\\\Voyager\\\\Models\\\\Role\",\"table\":\"roles\",\"type\":\"belongsToMany\",\"column\":\"id\",\"key\":\"id\",\"label\":\"display_name\",\"pivot_table\":\"user_roles\",\"pivot\":\"1\",\"taggable\":\"0\"}',11),(55,7,'id','hidden','Id',1,1,1,1,1,0,'\"\"',1),(56,7,'name','text','name',1,1,1,1,1,1,'\"{\\\"validation\\\":{\\\"rule\\\":\\\"max:100\\\"}}\"',2),(57,7,'slug','text','slug',1,1,1,1,1,1,'\"\"',3),(58,7,'details','text','Details',0,1,1,1,1,1,'\"\"',4),(59,7,'price','number','price',1,1,1,1,1,1,'\"{\\\"validation\\\":{\\\"rule\\\":\\\"required|regex:\\/^\\\\\\\\d*(\\\\\\\\.\\\\\\\\d{1,2})?$\\/\\\"}}\"',5),(60,7,'description','text','Description',1,1,1,1,1,1,'\"\"',6),(61,7,'featured','checkbox','Featured',1,1,1,1,1,1,'\"{\\\"on\\\":\\\"Yes\\\",\\\"off\\\":\\\"No\\\"}\"',7),(62,7,'image','image','Image',0,1,1,1,1,1,'\"{\\\"quality\\\":\\\"70%\\\",\\\"thumbnails\\\":[{\\\"name\\\":\\\"medium\\\",\\\"scale\\\":\\\"50%\\\"},{\\\"name\\\":\\\"small\\\",\\\"scale\\\":\\\"25%\\\"},{\\\"name\\\":\\\"cropped\\\",\\\"crop\\\":{\\\"width\\\":\\\"300\\\",\\\"height\\\":\\\"250\\\"}}]}\"',8),(63,7,'images','multiple_images','Images',0,1,1,1,1,1,'\"\"',9),(64,7,'created_at','timestamp','Created At',0,1,1,1,1,1,'\"\"',10),(65,7,'updated_at','timestamp','Updated At',0,1,1,1,1,1,'\"\"',11),(66,7,'quantity','number','Quantity',1,1,1,1,1,1,'\"\"',8),(67,8,'id','hidden','Id',1,1,1,0,0,0,'\"\"',1),(68,8,'code','text','code',1,1,1,1,1,1,'\"\"',2),(69,8,'type','select_dropdown','Type',1,1,1,1,1,1,'\"{\\\"default\\\":\\\"fixed\\\",\\\"options\\\":{\\\"fixed\\\":\\\"Fixed Value\\\",\\\"percent\\\":\\\"Percent Off\\\"}}\"',3),(70,8,'value','number','Value',0,1,1,1,1,1,'\"{\\\"null\\\":\\\"\\\"}\"',4),(71,8,'percent_off','number','Percent Off',0,1,1,1,1,1,'\"{\\\"null\\\":\\\"\\\"}\"',5),(72,8,'created_at','timestamp','Created At',0,0,1,0,0,0,'\"\"',6),(73,8,'updated_at','timestamp','Updated At',0,0,1,0,0,0,'\"\"',7),(74,9,'id','hidden','Id',1,1,1,0,0,0,'\"\"',1),(75,9,'name','text','Name',1,1,1,1,1,1,'\"\"',2),(76,9,'slug','text','Slug',1,1,1,1,1,1,'\"\"',3),(77,9,'created_at','timestamp','Created At',0,0,0,0,0,0,'\"\"',4),(78,9,'updated_at','timestamp','Updated At',0,0,0,0,0,0,'\"\"',5),(79,10,'id','hidden','Id',1,0,0,0,0,0,'\"\"',1),(80,10,'product_id','number','Product Id',1,1,1,1,1,1,'\"\"',2),(81,10,'category_id','number','Category Id',1,1,1,1,1,1,'\"\"',3),(82,10,'created_at','timestamp','Created At',0,0,0,0,0,0,'\"\"',4),(83,10,'updated_at','timestamp','Updated At',0,0,0,0,0,0,'\"\"',5),(84,11,'id','hidden','Id',1,1,1,0,0,0,'\"\"',1),(85,11,'user_id','number','User Id',1,1,1,0,0,0,'\"\"',2),(86,11,'billing_email','text','Billing Email',1,1,1,1,1,0,'\"\"',3),(87,11,'billing_name','text','Billing Name',1,1,1,1,1,0,'\"\"',4),(88,11,'billing_address','text','Billing Address',1,1,1,1,1,0,'\"\"',5),(89,11,'billing_city','text','Billing City',1,1,1,1,1,0,'\"\"',6),(90,11,'billing_province','text','Billing Province',1,0,1,1,1,0,'\"\"',7),(91,11,'billing_postalcode','text','Billing Postalcode',1,0,1,1,1,0,'\"\"',8),(92,11,'billing_phone','text','Billing Phone',1,0,1,1,1,0,'\"\"',9),(93,11,'billing_name_on_card','text','Billing Name On Card',1,1,1,1,1,0,'\"\"',10),(94,11,'billing_discount','number','Discount',1,1,1,0,0,0,'\"\"',11),(95,11,'billing_discount_code','text','Discount Code',0,0,1,0,0,0,'\"\"',12),(96,11,'billing_subtotal','number','Subtotal',1,1,1,0,0,0,'\"\"',13),(97,11,'billing_tax','number','Tax',1,1,1,0,0,0,'\"\"',14),(98,11,'billing_total','number','Total',1,1,1,0,0,0,'\"\"',15),(99,11,'payment_gateway','text','Payment Gateway',1,0,1,0,0,0,'\"\"',16),(100,11,'shipped','checkbox','Shipped',1,1,1,1,0,0,'\"{\\\"on\\\":\\\"Yes\\\",\\\"off\\\":\\\"No\\\"}\"',17),(101,11,'error','text','Error',0,1,1,0,0,0,'\"\"',18),(102,11,'created_at','timestamp','Created At',0,0,0,0,0,0,'\"\"',19),(103,11,'updated_at','timestamp','Updated At',0,0,0,0,0,0,'\"\"',20),(104,12,'id','hidden','Id',1,1,1,1,1,0,'{}',1),(105,12,'name','text','Name',1,1,1,1,1,1,'{}',2),(106,12,'email','text','Email',1,1,1,1,1,1,'{}',3),(107,12,'created_at','timestamp','Created At',0,1,1,0,0,0,'{}',4),(108,12,'updated_at','timestamp','Updated At',0,1,1,0,0,0,'{}',5);
/*!40000 ALTER TABLE `data_rows` ENABLE KEYS */;
UNLOCK TABLES;
DROP TABLE IF EXISTS `data_types`;
/*!40101 SET @saved_cs_client     = @@character_set_client */;
/*!40101 SET character_set_client = utf8 */;
CREATE TABLE `data_types` (
  `id` int(10) unsigned NOT NULL AUTO_INCREMENT,
  `name` varchar(255) COLLATE utf8mb4_unicode_ci NOT NULL,
  `slug` varchar(255) COLLATE utf8mb4_unicode_ci NOT NULL,
  `display_name_singular` varchar(255) COLLATE utf8mb4_unicode_ci NOT NULL,
  `display_name_plural` varchar(255) COLLATE utf8mb4_unicode_ci NOT NULL,
  `icon` varchar(255) COLLATE utf8mb4_unicode_ci DEFAULT NULL,
  `model_name` varchar(255) COLLATE utf8mb4_unicode_ci DEFAULT NULL,
  `policy_name` varchar(255) COLLATE utf8mb4_unicode_ci DEFAULT NULL,
  `controller` varchar(255) COLLATE utf8mb4_unicode_ci DEFAULT NULL,
  `description` varchar(255) COLLATE utf8mb4_unicode_ci DEFAULT NULL,
  `generate_permissions` tinyint(1) NOT NULL DEFAULT '0',
  `server_side` tinyint(4) NOT NULL DEFAULT '0',
  `details` text COLLATE utf8mb4_unicode_ci,
  `created_at` timestamp NULL DEFAULT NULL,
  `updated_at` timestamp NULL DEFAULT NULL,
  PRIMARY KEY (`id`),
  UNIQUE KEY `data_types_name_unique` (`name`),
  UNIQUE KEY `data_types_slug_unique` (`slug`)
) ENGINE=InnoDB AUTO_INCREMENT=13 DEFAULT CHARSET=utf8mb4 COLLATE=utf8mb4_unicode_ci;
/*!40101 SET character_set_client = @saved_cs_client */;

LOCK TABLES `data_types` WRITE;
/*!40000 ALTER TABLE `data_types` DISABLE KEYS */;
INSERT INTO `data_types` VALUES (1,'posts','posts','Post','Posts','voyager-news','TCG\\Voyager\\Models\\Post','TCG\\Voyager\\Policies\\PostPolicy','','',1,0,NULL,'2019-07-17 06:04:37','2019-07-17 06:04:37'),(2,'pages','pages','Page','Pages','voyager-file-text','TCG\\Voyager\\Models\\Page',NULL,'','',1,0,NULL,'2019-07-17 06:04:37','2019-07-17 06:04:37'),(3,'users','users','User','Users','voyager-person','TCG\\Voyager\\Models\\User','TCG\\Voyager\\Policies\\UserPolicy','\\App\\Http\\Controllers\\Voyager\\UsersController','',1,0,NULL,'2019-07-17 06:04:37','2019-07-17 06:04:37'),(4,'categories','categories','Category','Categories','voyager-categories','TCG\\Voyager\\Models\\Category',NULL,'','',1,0,NULL,'2019-07-17 06:04:37','2019-07-17 06:04:37'),(5,'menus','menus','Menu','Menus','voyager-list','TCG\\Voyager\\Models\\Menu',NULL,'','',1,0,NULL,'2019-07-17 06:04:37','2019-07-17 06:04:37'),(6,'roles','roles','Role','Roles','voyager-lock','TCG\\Voyager\\Models\\Role',NULL,'','',1,0,NULL,'2019-07-17 06:04:37','2019-07-17 06:04:37'),(7,'products','products','Product','Products','voyager-bag','App\\Product',NULL,'\\App\\Http\\Controllers\\Voyager\\ProductsController',NULL,1,1,'{\"order_column\":null,\"order_display_column\":null,\"order_direction\":\"desc\",\"default_search_key\":null,\"scope\":null}','2019-07-17 06:04:47','2019-07-17 06:38:11'),(8,'coupons','coupons','Coupon','Coupons','voyager-dollar','App\\Coupon',NULL,'','',1,0,NULL,'2019-07-17 06:04:47','2019-07-17 06:04:47'),(9,'category','category','Category','Categories','voyager-tag','App\\Category',NULL,'','',1,0,NULL,'2019-07-17 06:04:47','2019-07-17 06:04:47'),(10,'category-product','category-product','Category Product','Category Products','voyager-categories','App\\CategoryProduct',NULL,'','',1,0,NULL,'2019-07-17 06:04:47','2019-07-17 06:04:47'),(11,'orders','orders','Order','Orders','voyager-documentation','App\\Order',NULL,'\\App\\Http\\Controllers\\Voyager\\OrdersController','',1,0,NULL,'2019-07-17 06:04:48','2019-07-17 06:04:48'),(12,'subscribe','subscribe','Subscribe','Subscribes','voyager-mail','App\\Subscriber',NULL,NULL,NULL,1,0,'{\"order_column\":null,\"order_display_column\":null,\"order_direction\":\"asc\",\"default_search_key\":null}','2019-07-17 06:28:57','2019-07-17 06:28:57');
/*!40000 ALTER TABLE `data_types` ENABLE KEYS */;
UNLOCK TABLES;
DROP TABLE IF EXISTS `menu_items`;
/*!40101 SET @saved_cs_client     = @@character_set_client */;
/*!40101 SET character_set_client = utf8 */;
CREATE TABLE `menu_items` (
  `id` int(10) unsigned NOT NULL AUTO_INCREMENT,
  `menu_id` int(10) unsigned DEFAULT NULL,
  `title` varchar(255) COLLATE utf8mb4_unicode_ci NOT NULL,
  `url` varchar(255) COLLATE utf8mb4_unicode_ci NOT NULL,
  `target` varchar(255) COLLATE utf8mb4_unicode_ci NOT NULL DEFAULT '_self',
  `icon_class` varchar(255) COLLATE utf8mb4_unicode_ci DEFAULT NULL,
  `color` varchar(255) COLLATE utf8mb4_unicode_ci DEFAULT NULL,
  `parent_id` int(11) DEFAULT NULL,
  `order` int(11) NOT NULL,
  `created_at` timestamp NULL DEFAULT NULL,
  `updated_at` timestamp NULL DEFAULT NULL,
  `route` varchar(255) COLLATE utf8mb4_unicode_ci DEFAULT NULL,
  `parameters` text COLLATE utf8mb4_unicode_ci,
  PRIMARY KEY (`id`),
  KEY `menu_items_menu_id_foreign` (`menu_id`),
  CONSTRAINT `menu_items_menu_id_foreign` FOREIGN KEY (`menu_id`) REFERENCES `menus` (`id`) ON DELETE CASCADE
) ENGINE=InnoDB AUTO_INCREMENT=27 DEFAULT CHARSET=utf8mb4 COLLATE=utf8mb4_unicode_ci;
/*!40101 SET character_set_client = @saved_cs_client */;

LOCK TABLES `menu_items` WRITE;
/*!40000 ALTER TABLE `menu_items` DISABLE KEYS */;
INSERT INTO `menu_items` VALUES (1,1,'Dashboard','','_self','voyager-boat',NULL,NULL,1,'2019-07-17 06:04:40','2019-07-17 06:04:40','voyager.dashboard',NULL),(2,1,'Media','','_self','voyager-images',NULL,NULL,10,'2019-07-17 06:04:40','2019-07-17 06:29:47','voyager.media.index',NULL),(3,1,'Posts','','_self','voyager-news',NULL,NULL,11,'2019-07-17 06:04:40','2019-07-17 06:29:47','voyager.posts.index',NULL),(4,1,'Users','','_self','voyager-person',NULL,NULL,9,'2019-07-17 06:04:40','2019-07-17 06:29:47','voyager.users.index',NULL),(5,1,'Categories','','_self','voyager-categories',NULL,NULL,15,'2019-07-17 06:04:40','2019-07-17 06:29:47','voyager.categories.index',NULL),(6,1,'Pages','','_self','voyager-file-text',NULL,NULL,12,'2019-07-17 06:04:40','2019-07-17 06:29:47','voyager.pages.index',NULL),(7,1,'Roles','','_self','voyager-lock',NULL,NULL,8,'2019-07-17 06:04:41','2019-07-17 06:29:47','voyager.roles.index',NULL),(8,1,'Tools','','_self','voyager-tools',NULL,NULL,13,'2019-07-17 06:04:41','2019-07-17 06:29:47',NULL,NULL),(9,1,'Menu Builder','','_self','voyager-list',NULL,8,1,'2019-07-17 06:04:41','2019-07-17 06:04:51','voyager.menus.index',NULL),(10,1,'Database','','_self','voyager-data',NULL,8,2,'2019-07-17 06:04:41','2019-07-17 06:04:51','voyager.database.index',NULL),(11,1,'Compass','','_self','voyager-compass',NULL,8,3,'2019-07-17 06:04:41','2019-07-17 06:04:51','voyager.compass.index',NULL),(12,1,'Settings','','_self','voyager-settings',NULL,NULL,14,'2019-07-17 06:04:41','2019-07-17 06:29:47','voyager.settings.index',NULL),(13,1,'Orders','/admin/orders','_self','voyager-documentation',NULL,NULL,2,'2019-07-17 06:04:50','2019-07-17 06:04:50',NULL,NULL),(14,1,'Products','/admin/products','_self','voyager-bag',NULL,NULL,3,'2019-07-17 06:04:50','2019-07-17 06:04:50',NULL,NULL),(15,1,'Categories','/admin/category','_self','voyager-tag',NULL,NULL,4,'2019-07-17 06:04:50','2019-07-17 06:04:50',NULL,NULL),(16,1,'Coupons','/admin/coupons','_self','voyager-dollar',NULL,NULL,6,'2019-07-17 06:04:50','2019-07-17 06:29:47',NULL,NULL),(17,1,'Category Products','/admin/category-product','_self','voyager-categories',NULL,NULL,7,'2019-07-17 06:04:50','2019-07-17 06:29:47',NULL,NULL),(18,2,'Shop','','_self',NULL,NULL,NULL,1,'2019-07-17 06:04:51','2019-07-17 06:04:51','shop.index',NULL),(19,2,'About','#','_self',NULL,NULL,NULL,2,'2019-07-17 06:04:51','2019-07-17 06:04:51',NULL,NULL),(20,2,'Blog','https://blog.laravelecommerceexample.ca','_self',NULL,NULL,NULL,2,'2019-07-17 06:04:51','2019-07-17 06:04:51',NULL,NULL),(26,1,'Subscribes','','_self','voyager-mail',NULL,NULL,5,'2019-07-17 06:28:57','2019-07-17 06:29:47','voyager.subscribe.index',NULL);
/*!40000 ALTER TABLE `menu_items` ENABLE KEYS */;
UNLOCK TABLES;
DROP TABLE IF EXISTS `menus`;
/*!40101 SET @saved_cs_client     = @@character_set_client */;
/*!40101 SET character_set_client = utf8 */;
CREATE TABLE `menus` (
  `id` int(10) unsigned NOT NULL AUTO_INCREMENT,
  `name` varchar(255) COLLATE utf8mb4_unicode_ci NOT NULL,
  `created_at` timestamp NULL DEFAULT NULL,
  `updated_at` timestamp NULL DEFAULT NULL,
  PRIMARY KEY (`id`),
  UNIQUE KEY `menus_name_unique` (`name`)
) ENGINE=InnoDB AUTO_INCREMENT=4 DEFAULT CHARSET=utf8mb4 COLLATE=utf8mb4_unicode_ci;
/*!40101 SET character_set_client = @saved_cs_client */;

LOCK TABLES `menus` WRITE;
/*!40000 ALTER TABLE `menus` DISABLE KEYS */;
INSERT INTO `menus` VALUES (1,'admin','2019-07-17 06:04:40','2019-07-17 06:04:40'),(2,'main','2019-07-17 06:04:50','2019-07-17 06:04:50');
/*!40000 ALTER TABLE `menus` ENABLE KEYS */;
UNLOCK TABLES;
DROP TABLE IF EXISTS `migrations`;
/*!40101 SET @saved_cs_client     = @@character_set_client */;
/*!40101 SET character_set_client = utf8 */;
CREATE TABLE `migrations` (
  `id` int(10) unsigned NOT NULL AUTO_INCREMENT,
  `migration` varchar(255) COLLATE utf8mb4_unicode_ci NOT NULL,
  `batch` int(11) NOT NULL,
  PRIMARY KEY (`id`)
) ENGINE=InnoDB AUTO_INCREMENT=42 DEFAULT CHARSET=utf8mb4 COLLATE=utf8mb4_unicode_ci;
/*!40101 SET character_set_client = @saved_cs_client */;

LOCK TABLES `migrations` WRITE;
/*!40000 ALTER TABLE `migrations` DISABLE KEYS */;
INSERT INTO `migrations` VALUES (1,'2014_10_12_000000_create_users_table',1),(2,'2014_10_12_100000_create_password_resets_table',1),(3,'2016_01_01_000000_add_voyager_user_fields',1),(4,'2016_01_01_000000_create_data_types_table',1),(5,'2016_01_01_000000_create_pages_table',1),(6,'2016_01_01_000000_create_posts_table',1),(7,'2016_02_15_204651_create_categories_table',1),(8,'2016_05_19_173453_create_menu_table',1),(9,'2016_10_21_190000_create_roles_table',1),(10,'2016_10_21_190000_create_settings_table',1),(11,'2016_11_30_135954_create_permission_table',1),(12,'2016_11_30_141208_create_permission_role_table',1),(13,'2016_12_26_201236_data_types__add__server_side',1),(14,'2017_01_13_000000_add_route_to_menu_items_table',1),(15,'2017_01_14_005015_create_translations_table',1),(16,'2017_01_15_000000_add_permission_group_id_to_permissions_table',1),(17,'2017_01_15_000000_create_permission_groups_table',1),(18,'2017_01_15_000000_make_table_name_nullable_in_permissions_table',1),(19,'2017_03_06_000000_add_controller_to_data_types_table',1),(20,'2017_04_11_000000_alter_post_nullable_fields_table',1),(21,'2017_04_21_000000_add_order_to_data_rows_table',1),(22,'2017_07_05_210000_add_policyname_to_data_types_table',1),(23,'2017_08_05_000000_add_group_to_settings_table',1),(24,'2017_11_26_013050_add_user_role_relationship',1),(25,'2017_11_26_015000_create_user_roles_table',1),(26,'2017_12_11_054653_create_products_table',1),(27,'2018_01_11_060124_create_category_table',1),(28,'2018_01_11_060548_create_category_product_table',1),(29,'2018_01_14_215535_create_coupons_table',1),(30,'2018_02_08_021546_add_image_to_products_table',1),(31,'2018_02_08_032544_add_images_to_products_table',1),(32,'2018_02_25_005243_create_orders_table',1),(33,'2018_02_25_010522_create_order_product_table',1),(34,'2018_03_11_000000_add_user_settings',1),(35,'2018_03_14_000000_add_details_to_data_types_table',1),(36,'2018_03_16_000000_make_settings_value_nullable',1),(37,'2018_04_23_011947_add_user_role_relationship_fix',1),(38,'2018_04_23_012009_create_user_roles_table_fix',1),(39,'2018_06_29_032914_add_quantity_to_products_table',1),(40,'2019_07_01_090241_create_subscribe_table',1),(41,'2019_07_02_121112_add_image_to_users_table',1);
/*!40000 ALTER TABLE `migrations` ENABLE KEYS */;
UNLOCK TABLES;
DROP TABLE IF EXISTS `order_product`;
/*!40101 SET @saved_cs_client     = @@character_set_client */;
/*!40101 SET character_set_client = utf8 */;
CREATE TABLE `order_product` (
  `id` int(10) unsigned NOT NULL AUTO_INCREMENT,
  `order_id` int(10) unsigned DEFAULT NULL,
  `product_id` int(10) unsigned DEFAULT NULL,
  `quantity` int(10) unsigned NOT NULL,
  `created_at` timestamp NULL DEFAULT NULL,
  `updated_at` timestamp NULL DEFAULT NULL,
  PRIMARY KEY (`id`),
  KEY `order_product_order_id_foreign` (`order_id`),
  KEY `order_product_product_id_foreign` (`product_id`),
  CONSTRAINT `order_product_order_id_foreign` FOREIGN KEY (`order_id`) REFERENCES `orders` (`id`) ON DELETE SET NULL ON UPDATE CASCADE,
  CONSTRAINT `order_product_product_id_foreign` FOREIGN KEY (`product_id`) REFERENCES `products` (`id`) ON DELETE SET NULL ON UPDATE CASCADE
) ENGINE=InnoDB AUTO_INCREMENT=7 DEFAULT CHARSET=utf8mb4 COLLATE=utf8mb4_unicode_ci;
/*!40101 SET character_set_client = @saved_cs_client */;

LOCK TABLES `order_product` WRITE;
/*!40000 ALTER TABLE `order_product` DISABLE KEYS */;
INSERT INTO `order_product` VALUES (1,1,1,1,'2019-07-17 06:04:36','2019-07-17 06:04:36'),(2,1,2,1,'2019-07-17 06:04:36','2019-07-17 06:04:36'),(3,2,3,1,'2019-07-17 06:04:36','2019-07-17 06:04:36'),(4,2,4,1,'2019-07-17 06:04:37','2019-07-17 06:04:37'),(5,3,5,1,'2019-07-17 06:04:37','2019-07-17 06:04:37'),(6,3,6,1,'2019-07-17 06:04:37','2019-07-17 06:04:37');
/*!40000 ALTER TABLE `order_product` ENABLE KEYS */;
UNLOCK TABLES;
DROP TABLE IF EXISTS `orders`;
/*!40101 SET @saved_cs_client     = @@character_set_client */;
/*!40101 SET character_set_client = utf8 */;
CREATE TABLE `orders` (
  `id` int(10) unsigned NOT NULL AUTO_INCREMENT,
  `user_id` int(10) unsigned DEFAULT NULL,
  `billing_email` varchar(255) COLLATE utf8mb4_unicode_ci DEFAULT NULL,
  `billing_name` varchar(255) COLLATE utf8mb4_unicode_ci DEFAULT NULL,
  `billing_address` varchar(255) COLLATE utf8mb4_unicode_ci DEFAULT NULL,
  `billing_city` varchar(255) COLLATE utf8mb4_unicode_ci DEFAULT NULL,
  `billing_province` varchar(255) COLLATE utf8mb4_unicode_ci DEFAULT NULL,
  `billing_postalcode` varchar(255) COLLATE utf8mb4_unicode_ci DEFAULT NULL,
  `billing_phone` varchar(255) COLLATE utf8mb4_unicode_ci DEFAULT NULL,
  `billing_name_on_card` varchar(255) COLLATE utf8mb4_unicode_ci DEFAULT NULL,
  `billing_discount` int(11) NOT NULL DEFAULT '0',
  `billing_discount_code` varchar(255) COLLATE utf8mb4_unicode_ci DEFAULT NULL,
  `billing_subtotal` int(11) NOT NULL,
  `billing_tax` int(11) NOT NULL,
  `billing_total` int(11) NOT NULL,
  `payment_gateway` varchar(255) COLLATE utf8mb4_unicode_ci NOT NULL DEFAULT 'stripe',
  `shipped` tinyint(1) NOT NULL DEFAULT '0',
  `error` varchar(255) COLLATE utf8mb4_unicode_ci DEFAULT NULL,
  `created_at` timestamp NULL DEFAULT NULL,
  `updated_at` timestamp NULL DEFAULT NULL,
  PRIMARY KEY (`id`),
  KEY `orders_user_id_foreign` (`user_id`),
  CONSTRAINT `orders_user_id_foreign` FOREIGN KEY (`user_id`) REFERENCES `users` (`id`) ON DELETE SET NULL ON UPDATE CASCADE
) ENGINE=InnoDB AUTO_INCREMENT=4 DEFAULT CHARSET=utf8mb4 COLLATE=utf8mb4_unicode_ci;
/*!40101 SET character_set_client = @saved_cs_client */;

LOCK TABLES `orders` WRITE;
/*!40000 ALTER TABLE `orders` DISABLE KEYS */;
INSERT INTO `orders` VALUES (1,NULL,'email@email.com','Fake Order','Fake Address','Fake City','Fake Province','L5B4U2','9052145636','Fake Name on Card',0,NULL,12345,1605,13950,'stripe',0,NULL,'2019-07-17 06:04:36','2019-07-17 06:04:36'),(2,NULL,'another@another.com','Fake Order 2','Fake Address 2','Fake City 2','Fake Province 2','L5B4U2','9052145636','Fake Name on Card',0,NULL,12345,1605,13950,'stripe',0,'Card was declined','2019-07-17 06:04:36','2019-07-17 06:04:36'),(3,NULL,'fake@fake.com','Fake Order 3','Fake Address 3','Fake City 3','Fake Province 3','L5B4U2','9052145636','Fake Name on Card',0,NULL,12345,1605,13950,'stripe',1,NULL,'2019-07-17 06:04:37','2019-07-17 06:04:37');
/*!40000 ALTER TABLE `orders` ENABLE KEYS */;
UNLOCK TABLES;
DROP TABLE IF EXISTS `pages`;
/*!40101 SET @saved_cs_client     = @@character_set_client */;
/*!40101 SET character_set_client = utf8 */;
CREATE TABLE `pages` (
  `id` int(10) unsigned NOT NULL AUTO_INCREMENT,
  `author_id` int(11) NOT NULL,
  `title` varchar(255) COLLATE utf8mb4_unicode_ci NOT NULL,
  `excerpt` text COLLATE utf8mb4_unicode_ci,
  `body` text COLLATE utf8mb4_unicode_ci,
  `image` varchar(255) COLLATE utf8mb4_unicode_ci DEFAULT NULL,
  `slug` varchar(255) COLLATE utf8mb4_unicode_ci NOT NULL,
  `meta_description` text COLLATE utf8mb4_unicode_ci,
  `meta_keywords` text COLLATE utf8mb4_unicode_ci,
  `status` enum('ACTIVE','INACTIVE') COLLATE utf8mb4_unicode_ci NOT NULL DEFAULT 'INACTIVE',
  `created_at` timestamp NULL DEFAULT NULL,
  `updated_at` timestamp NULL DEFAULT NULL,
  PRIMARY KEY (`id`),
  UNIQUE KEY `pages_slug_unique` (`slug`)
) ENGINE=InnoDB AUTO_INCREMENT=2 DEFAULT CHARSET=utf8mb4 COLLATE=utf8mb4_unicode_ci;
/*!40101 SET character_set_client = @saved_cs_client */;

LOCK TABLES `pages` WRITE;
/*!40000 ALTER TABLE `pages` DISABLE KEYS */;
INSERT INTO `pages` VALUES (1,0,'Hello World','Hang the jib grog grog blossom grapple dance the hempen jig gangway pressgang bilge rat to go on account lugger. Nelsons folly gabion line draught scallywag fire ship gaff fluke fathom case shot. Sea Legs bilge rat sloop matey gabion long clothes run a shot across the bow Gold Road cog league.','<p>Hello World. Scallywag grog swab Cat o\'nine tails scuttle rigging hardtack cable nipper Yellow Jack. Handsomely spirits knave lad killick landlubber or just lubber deadlights chantey pinnace crack Jennys tea cup. Provost long clothes black spot Yellow Jack bilged on her anchor league lateen sail case shot lee tackle.</p>\n<p>Ballast spirits fluke topmast me quarterdeck schooner landlubber or just lubber gabion belaying pin. Pinnace stern galleon starboard warp carouser to go on account dance the hempen jig jolly boat measured fer yer chains. Man-of-war fire in the hole nipperkin handsomely doubloon barkadeer Brethren of the Coast gibbet driver squiffy.</p>','pages/page1.jpg','hello-world','Yar Meta Description','Keyword1, Keyword2','ACTIVE','2019-07-17 06:04:46','2019-07-17 06:04:46');
/*!40000 ALTER TABLE `pages` ENABLE KEYS */;
UNLOCK TABLES;
DROP TABLE IF EXISTS `password_resets`;
/*!40101 SET @saved_cs_client     = @@character_set_client */;
/*!40101 SET character_set_client = utf8 */;
CREATE TABLE `password_resets` (
  `email` varchar(255) COLLATE utf8mb4_unicode_ci NOT NULL,
  `token` varchar(255) COLLATE utf8mb4_unicode_ci NOT NULL,
  `created_at` timestamp NULL DEFAULT NULL,
  KEY `password_resets_email_index` (`email`)
) ENGINE=InnoDB DEFAULT CHARSET=utf8mb4 COLLATE=utf8mb4_unicode_ci;
/*!40101 SET character_set_client = @saved_cs_client */;

LOCK TABLES `password_resets` WRITE;
/*!40000 ALTER TABLE `password_resets` DISABLE KEYS */;
/*!40000 ALTER TABLE `password_resets` ENABLE KEYS */;
UNLOCK TABLES;
DROP TABLE IF EXISTS `permission_groups`;
/*!40101 SET @saved_cs_client     = @@character_set_client */;
/*!40101 SET character_set_client = utf8 */;
CREATE TABLE `permission_groups` (
  `id` int(10) unsigned NOT NULL AUTO_INCREMENT,
  `name` varchar(255) COLLATE utf8mb4_unicode_ci NOT NULL,
  PRIMARY KEY (`id`),
  UNIQUE KEY `permission_groups_name_unique` (`name`)
) ENGINE=InnoDB DEFAULT CHARSET=utf8mb4 COLLATE=utf8mb4_unicode_ci;
/*!40101 SET character_set_client = @saved_cs_client */;

LOCK TABLES `permission_groups` WRITE;
/*!40000 ALTER TABLE `permission_groups` DISABLE KEYS */;
/*!40000 ALTER TABLE `permission_groups` ENABLE KEYS */;
UNLOCK TABLES;
DROP TABLE IF EXISTS `permission_role`;
/*!40101 SET @saved_cs_client     = @@character_set_client */;
/*!40101 SET character_set_client = utf8 */;
CREATE TABLE `permission_role` (
  `permission_id` bigint(20) unsigned NOT NULL,
  `role_id` bigint(20) unsigned NOT NULL,
  PRIMARY KEY (`permission_id`,`role_id`),
  KEY `permission_role_permission_id_index` (`permission_id`),
  KEY `permission_role_role_id_index` (`role_id`),
  CONSTRAINT `permission_role_permission_id_foreign` FOREIGN KEY (`permission_id`) REFERENCES `permissions` (`id`) ON DELETE CASCADE,
  CONSTRAINT `permission_role_role_id_foreign` FOREIGN KEY (`role_id`) REFERENCES `roles` (`id`) ON DELETE CASCADE
) ENGINE=InnoDB DEFAULT CHARSET=utf8mb4 COLLATE=utf8mb4_unicode_ci;
/*!40101 SET character_set_client = @saved_cs_client */;

LOCK TABLES `permission_role` WRITE;
/*!40000 ALTER TABLE `permission_role` DISABLE KEYS */;
INSERT INTO `permission_role` VALUES (1,1),(1,3),(2,1),(2,3),(3,1),(4,1),(5,1),(6,1),(6,3),(7,1),(7,3),(8,1),(8,3),(9,1),(9,3),(10,1),(11,1),(11,3),(12,1),(12,3),(13,1),(13,3),(14,1),(14,3),(15,1),(16,1),(17,1),(18,1),(19,1),(20,1),(21,1),(22,1),(22,3),(23,1),(24,1),(25,1),(26,1),(26,3),(27,1),(27,3),(28,1),(28,3),(29,1),(29,3),(30,1),(31,1),(31,3),(32,1),(32,3),(33,1),(33,3),(34,1),(34,3),(35,1),(36,1),(36,3),(37,1),(37,3),(38,1),(38,3),(39,1),(39,3),(40,1),(41,1),(41,3),(42,1),(42,3),(43,1),(43,3),(44,1),(44,3),(45,1),(46,1),(46,3),(47,1),(47,3),(48,1),(48,3),(49,1),(49,3),(50,1),(51,1),(51,3),(52,1),(52,3),(53,1),(53,3),(54,1),(54,3),(55,1),(56,1),(56,3),(57,1),(57,3),(58,1),(58,3),(59,1),(59,3),(60,1),(61,1),(61,3),(62,1),(62,3),(63,1),(63,3),(64,1),(64,3),(65,1),(65,3),(66,1),(67,1),(68,1),(69,1),(70,1);
/*!40000 ALTER TABLE `permission_role` ENABLE KEYS */;
UNLOCK TABLES;
DROP TABLE IF EXISTS `permissions`;
/*!40101 SET @saved_cs_client     = @@character_set_client */;
/*!40101 SET character_set_client = utf8 */;
CREATE TABLE `permissions` (
  `id` bigint(20) unsigned NOT NULL AUTO_INCREMENT,
  `key` varchar(255) COLLATE utf8mb4_unicode_ci NOT NULL,
  `table_name` varchar(255) COLLATE utf8mb4_unicode_ci DEFAULT NULL,
  `created_at` timestamp NULL DEFAULT NULL,
  `updated_at` timestamp NULL DEFAULT NULL,
  `permission_group_id` int(10) unsigned DEFAULT NULL,
  PRIMARY KEY (`id`),
  KEY `permissions_key_index` (`key`)
) ENGINE=InnoDB AUTO_INCREMENT=71 DEFAULT CHARSET=utf8mb4 COLLATE=utf8mb4_unicode_ci;
/*!40101 SET character_set_client = @saved_cs_client */;

LOCK TABLES `permissions` WRITE;
/*!40000 ALTER TABLE `permissions` DISABLE KEYS */;
INSERT INTO `permissions` VALUES (1,'browse_admin',NULL,'2019-07-17 06:04:41','2019-07-17 06:04:41',NULL),(2,'browse_bread',NULL,'2019-07-17 06:04:41','2019-07-17 06:04:41',NULL),(3,'browse_database',NULL,'2019-07-17 06:04:41','2019-07-17 06:04:41',NULL),(4,'browse_media',NULL,'2019-07-17 06:04:41','2019-07-17 06:04:41',NULL),(5,'browse_compass',NULL,'2019-07-17 06:04:41','2019-07-17 06:04:41',NULL),(6,'browse_menus','menus','2019-07-17 06:04:41','2019-07-17 06:04:41',NULL),(7,'read_menus','menus','2019-07-17 06:04:41','2019-07-17 06:04:41',NULL),(8,'edit_menus','menus','2019-07-17 06:04:41','2019-07-17 06:04:41',NULL),(9,'add_menus','menus','2019-07-17 06:04:41','2019-07-17 06:04:41',NULL),(10,'delete_menus','menus','2019-07-17 06:04:41','2019-07-17 06:04:41',NULL),(11,'browse_pages','pages','2019-07-17 06:04:41','2019-07-17 06:04:41',NULL),(12,'read_pages','pages','2019-07-17 06:04:41','2019-07-17 06:04:41',NULL),(13,'edit_pages','pages','2019-07-17 06:04:41','2019-07-17 06:04:41',NULL),(14,'add_pages','pages','2019-07-17 06:04:41','2019-07-17 06:04:41',NULL),(15,'delete_pages','pages','2019-07-17 06:04:42','2019-07-17 06:04:42',NULL),(16,'browse_roles','roles','2019-07-17 06:04:42','2019-07-17 06:04:42',NULL),(17,'read_roles','roles','2019-07-17 06:04:42','2019-07-17 06:04:42',NULL),(18,'edit_roles','roles','2019-07-17 06:04:42','2019-07-17 06:04:42',NULL),(19,'add_roles','roles','2019-07-17 06:04:42','2019-07-17 06:04:42',NULL),(20,'delete_roles','roles','2019-07-17 06:04:42','2019-07-17 06:04:42',NULL),(21,'browse_users','users','2019-07-17 06:04:42','2019-07-17 06:04:42',NULL),(22,'read_users','users','2019-07-17 06:04:42','2019-07-17 06:04:42',NULL),(23,'edit_users','users','2019-07-17 06:04:42','2019-07-17 06:04:42',NULL),(24,'add_users','users','2019-07-17 06:04:42','2019-07-17 06:04:42',NULL),(25,'delete_users','users','2019-07-17 06:04:42','2019-07-17 06:04:42',NULL),(26,'browse_posts','posts','2019-07-17 06:04:42','2019-07-17 06:04:42',NULL),(27,'read_posts','posts','2019-07-17 06:04:42','2019-07-17 06:04:42',NULL),(28,'edit_posts','posts','2019-07-17 06:04:42','2019-07-17 06:04:42',NULL),(29,'add_posts','posts','2019-07-17 06:04:42','2019-07-17 06:04:42',NULL),(30,'delete_posts','posts','2019-07-17 06:04:42','2019-07-17 06:04:42',NULL),(31,'browse_categories','categories','2019-07-17 06:04:42','2019-07-17 06:04:42',NULL),(32,'read_categories','categories','2019-07-17 06:04:42','2019-07-17 06:04:42',NULL),(33,'edit_categories','categories','2019-07-17 06:04:42','2019-07-17 06:04:42',NULL),(34,'add_categories','categories','2019-07-17 06:04:42','2019-07-17 06:04:42',NULL),(35,'delete_categories','categories','2019-07-17 06:04:43','2019-07-17 06:04:43',NULL),(36,'browse_settings','settings','2019-07-17 06:04:43','2019-07-17 06:04:43',NULL),(37,'read_settings','settings','2019-07-17 06:04:43','2019-07-17 06:04:43',NULL),(38,'edit_settings','settings','2019-07-17 06:04:43','2019-07-17 06:04:43',NULL),(39,'add_settings','settings','2019-07-17 06:04:43','2019-07-17 06:04:43',NULL),(40,'delete_settings','settings','2019-07-17 06:04:43','2019-07-17 06:04:43',NULL),(41,'browse_products','products','2019-07-17 06:04:51','2019-07-17 06:04:51',NULL),(42,'read_products','products','2019-07-17 06:04:51','2019-07-17 06:04:51',NULL),(43,'edit_products','products','2019-07-17 06:04:51','2019-07-17 06:04:51',NULL),(44,'add_products','products','2019-07-17 06:04:52','2019-07-17 06:04:52',NULL),(45,'delete_products','products','2019-07-17 06:04:52','2019-07-17 06:04:52',NULL),(46,'browse_coupons','coupons','2019-07-17 06:04:52','2019-07-17 06:04:52',NULL),(47,'read_coupons','coupons','2019-07-17 06:04:52','2019-07-17 06:04:52',NULL),(48,'edit_coupons','coupons','2019-07-17 06:04:52','2019-07-17 06:04:52',NULL),(49,'add_coupons','coupons','2019-07-17 06:04:52','2019-07-17 06:04:52',NULL),(50,'delete_coupons','coupons','2019-07-17 06:04:52','2019-07-17 06:04:52',NULL),(51,'browse_category','category','2019-07-17 06:04:52','2019-07-17 06:04:52',NULL),(52,'read_category','category','2019-07-17 06:04:52','2019-07-17 06:04:52',NULL),(53,'edit_category','category','2019-07-17 06:04:52','2019-07-17 06:04:52',NULL),(54,'add_category','category','2019-07-17 06:04:52','2019-07-17 06:04:52',NULL),(55,'delete_category','category','2019-07-17 06:04:52','2019-07-17 06:04:52',NULL),(56,'browse_category-product','category-product','2019-07-17 06:04:52','2019-07-17 06:04:52',NULL),(57,'read_category-product','category-product','2019-07-17 06:04:52','2019-07-17 06:04:52',NULL),(58,'edit_category-product','category-product','2019-07-17 06:04:53','2019-07-17 06:04:53',NULL),(59,'add_category-product','category-product','2019-07-17 06:04:53','2019-07-17 06:04:53',NULL),(60,'delete_category-product','category-product','2019-07-17 06:04:53','2019-07-17 06:04:53',NULL),(61,'browse_orders','orders','2019-07-17 06:04:53','2019-07-17 06:04:53',NULL),(62,'read_orders','orders','2019-07-17 06:04:53','2019-07-17 06:04:53',NULL),(63,'edit_orders','orders','2019-07-17 06:04:53','2019-07-17 06:04:53',NULL),(64,'add_orders','orders','2019-07-17 06:04:53','2019-07-17 06:04:53',NULL),(65,'delete_orders','orders','2019-07-17 06:04:53','2019-07-17 06:04:53',NULL),(66,'browse_subscribe','subscribe','2019-07-17 06:28:57','2019-07-17 06:28:57',NULL),(67,'read_subscribe','subscribe','2019-07-17 06:28:57','2019-07-17 06:28:57',NULL),(68,'edit_subscribe','subscribe','2019-07-17 06:28:57','2019-07-17 06:28:57',NULL),(69,'add_subscribe','subscribe','2019-07-17 06:28:57','2019-07-17 06:28:57',NULL),(70,'delete_subscribe','subscribe','2019-07-17 06:28:57','2019-07-17 06:28:57',NULL);
/*!40000 ALTER TABLE `permissions` ENABLE KEYS */;
UNLOCK TABLES;
DROP TABLE IF EXISTS `posts`;
/*!40101 SET @saved_cs_client     = @@character_set_client */;
/*!40101 SET character_set_client = utf8 */;
CREATE TABLE `posts` (
  `id` int(10) unsigned NOT NULL AUTO_INCREMENT,
  `author_id` int(11) NOT NULL,
  `category_id` int(11) DEFAULT NULL,
  `title` varchar(255) COLLATE utf8mb4_unicode_ci NOT NULL,
  `seo_title` varchar(255) COLLATE utf8mb4_unicode_ci DEFAULT NULL,
  `excerpt` text COLLATE utf8mb4_unicode_ci,
  `body` text COLLATE utf8mb4_unicode_ci NOT NULL,
  `image` varchar(255) COLLATE utf8mb4_unicode_ci DEFAULT NULL,
  `slug` varchar(255) COLLATE utf8mb4_unicode_ci NOT NULL,
  `meta_description` text COLLATE utf8mb4_unicode_ci,
  `meta_keywords` text COLLATE utf8mb4_unicode_ci,
  `status` enum('PUBLISHED','DRAFT','PENDING') COLLATE utf8mb4_unicode_ci NOT NULL DEFAULT 'DRAFT',
  `featured` tinyint(1) NOT NULL DEFAULT '0',
  `created_at` timestamp NULL DEFAULT NULL,
  `updated_at` timestamp NULL DEFAULT NULL,
  PRIMARY KEY (`id`),
  UNIQUE KEY `posts_slug_unique` (`slug`)
) ENGINE=InnoDB AUTO_INCREMENT=5 DEFAULT CHARSET=utf8mb4 COLLATE=utf8mb4_unicode_ci;
/*!40101 SET character_set_client = @saved_cs_client */;

LOCK TABLES `posts` WRITE;
/*!40000 ALTER TABLE `posts` DISABLE KEYS */;
INSERT INTO `posts` VALUES (1,0,NULL,'Lorem Ipsum Post',NULL,'This is the excerpt for the Lorem Ipsum Post','<p>This is the body of the lorem ipsum post</p>','posts/post1.jpg','lorem-ipsum-post','This is the meta description','keyword1, keyword2, keyword3','PUBLISHED',0,'2019-07-17 06:04:46','2019-07-17 06:04:46'),(2,0,NULL,'My Sample Post',NULL,'This is the excerpt for the sample Post','<p>This is the body for the sample post, which includes the body.</p>\n                <h2>We can use all kinds of format!</h2>\n                <p>And include a bunch of other stuff.</p>','posts/post2.jpg','my-sample-post','Meta Description for sample post','keyword1, keyword2, keyword3','PUBLISHED',0,'2019-07-17 06:04:46','2019-07-17 06:04:46'),(3,0,NULL,'Latest Post',NULL,'This is the excerpt for the latest post','<p>This is the body for the latest post</p>','posts/post3.jpg','latest-post','This is the meta description','keyword1, keyword2, keyword3','PUBLISHED',0,'2019-07-17 06:04:46','2019-07-17 06:04:46'),(4,0,NULL,'Yarr Post',NULL,'Reef sails nipperkin bring a spring upon her cable coffer jury mast spike marooned Pieces of Eight poop deck pillage. Clipper driver coxswain galleon hempen halter come about pressgang gangplank boatswain swing the lead. Nipperkin yard skysail swab lanyard Blimey bilge water ho quarter Buccaneer.','<p>Swab deadlights Buccaneer fire ship square-rigged dance the hempen jig weigh anchor cackle fruit grog furl. Crack Jennys tea cup chase guns pressgang hearties spirits hogshead Gold Road six pounders fathom measured fer yer chains. Main sheet provost come about trysail barkadeer crimp scuttle mizzenmast brig plunder.</p>\n<p>Mizzen league keelhaul galleon tender cog chase Barbary Coast doubloon crack Jennys tea cup. Blow the man down lugsail fire ship pinnace cackle fruit line warp Admiral of the Black strike colors doubloon. Tackle Jack Ketch come about crimp rum draft scuppers run a shot across the bow haul wind maroon.</p>\n<p>Interloper heave down list driver pressgang holystone scuppers tackle scallywag bilged on her anchor. Jack Tar interloper draught grapple mizzenmast hulk knave cable transom hogshead. Gaff pillage to go on account grog aft chase guns piracy yardarm knave clap of thunder.</p>','posts/post4.jpg','yarr-post','this be a meta descript','keyword1, keyword2, keyword3','PUBLISHED',0,'2019-07-17 06:04:46','2019-07-17 06:04:46');
/*!40000 ALTER TABLE `posts` ENABLE KEYS */;
UNLOCK TABLES;
DROP TABLE IF EXISTS `products`;
/*!40101 SET @saved_cs_client     = @@character_set_client */;
/*!40101 SET character_set_client = utf8 */;
CREATE TABLE `products` (
  `id` int(10) unsigned NOT NULL AUTO_INCREMENT,
  `name` varchar(255) COLLATE utf8mb4_unicode_ci NOT NULL,
  `slug` varchar(255) COLLATE utf8mb4_unicode_ci NOT NULL,
  `details` varchar(255) COLLATE utf8mb4_unicode_ci DEFAULT NULL,
  `price` int(11) NOT NULL,
  `description` text COLLATE utf8mb4_unicode_ci NOT NULL,
  `featured` tinyint(1) NOT NULL DEFAULT '0',
  `quantity` int(10) unsigned NOT NULL DEFAULT '10',
  `image` varchar(255) COLLATE utf8mb4_unicode_ci DEFAULT NULL,
  `images` text COLLATE utf8mb4_unicode_ci,
  `created_at` timestamp NULL DEFAULT NULL,
  `updated_at` timestamp NULL DEFAULT NULL,
  PRIMARY KEY (`id`),
  UNIQUE KEY `products_name_unique` (`name`),
  UNIQUE KEY `products_slug_unique` (`slug`)
) ENGINE=InnoDB AUTO_INCREMENT=31 DEFAULT CHARSET=utf8mb4 COLLATE=utf8mb4_unicode_ci;
/*!40101 SET character_set_client = @saved_cs_client */;

LOCK TABLES `products` WRITE;
/*!40000 ALTER TABLE `products` DISABLE KEYS */;
INSERT INTO `products` VALUES (1,'Laptop 1','laptop-1','13 inch, 3 TB SSD, 32GB RAM',179308,'Lorem 1 ipsum dolor sit amet, consectetur adipisicing elit. Ipsum temporibus iusto ipsa, asperiores voluptas unde aspernatur praesentium in? Aliquam, dolore!',1,10,'products/dummy/laptop-1.jpg','[\"products\\/dummy\\/laptop-2.jpg\",\"products\\/dummy\\/laptop-3.jpg\",\"products\\/dummy\\/laptop-4.jpg\"]','2019-07-17 06:04:23','2019-07-17 06:04:36'),(2,'Laptop 2','laptop-2','14 inch, 2 TB SSD, 32GB RAM',227170,'Lorem 2 ipsum dolor sit amet, consectetur adipisicing elit. Ipsum temporibus iusto ipsa, asperiores voluptas unde aspernatur praesentium in? Aliquam, dolore!',0,10,'products/dummy/laptop-2.jpg','[\"products\\/dummy\\/laptop-2.jpg\",\"products\\/dummy\\/laptop-3.jpg\",\"products\\/dummy\\/laptop-4.jpg\"]','2019-07-17 06:04:26','2019-07-17 06:04:26'),(3,'Laptop 3','laptop-3','15 inch, 2 TB SSD, 32GB RAM',209635,'Lorem 3 ipsum dolor sit amet, consectetur adipisicing elit. Ipsum temporibus iusto ipsa, asperiores voluptas unde aspernatur praesentium in? Aliquam, dolore!',0,10,'products/dummy/laptop-3.jpg','[\"products\\/dummy\\/laptop-2.jpg\",\"products\\/dummy\\/laptop-3.jpg\",\"products\\/dummy\\/laptop-4.jpg\"]','2019-07-17 06:04:27','2019-07-17 06:04:27'),(4,'Laptop 4','laptop-4','14 inch, 3 TB SSD, 32GB RAM',229704,'Lorem 4 ipsum dolor sit amet, consectetur adipisicing elit. Ipsum temporibus iusto ipsa, asperiores voluptas unde aspernatur praesentium in? Aliquam, dolore!',0,10,'products/dummy/laptop-4.jpg','[\"products\\/dummy\\/laptop-2.jpg\",\"products\\/dummy\\/laptop-3.jpg\",\"products\\/dummy\\/laptop-4.jpg\"]','2019-07-17 06:04:27','2019-07-17 06:04:27'),(5,'Laptop 5','laptop-5','13 inch, 1 TB SSD, 32GB RAM',215234,'Lorem 5 ipsum dolor sit amet, consectetur adipisicing elit. Ipsum temporibus iusto ipsa, asperiores voluptas unde aspernatur praesentium in? Aliquam, dolore!',0,10,'products/dummy/laptop-5.jpg','[\"products\\/dummy\\/laptop-2.jpg\",\"products\\/dummy\\/laptop-3.jpg\",\"products\\/dummy\\/laptop-4.jpg\"]','2019-07-17 06:04:27','2019-07-17 06:04:27'),(6,'Laptop 6','laptop-6','13 inch, 2 TB SSD, 32GB RAM',220794,'Lorem 6 ipsum dolor sit amet, consectetur adipisicing elit. Ipsum temporibus iusto ipsa, asperiores voluptas unde aspernatur praesentium in? Aliquam, dolore!',0,10,'products/dummy/laptop-6.jpg','[\"products\\/dummy\\/laptop-2.jpg\",\"products\\/dummy\\/laptop-3.jpg\",\"products\\/dummy\\/laptop-4.jpg\"]','2019-07-17 06:04:28','2019-07-17 06:04:28'),(7,'Laptop 7','laptop-7','14 inch, 1 TB SSD, 32GB RAM',173854,'Lorem 7 ipsum dolor sit amet, consectetur adipisicing elit. Ipsum temporibus iusto ipsa, asperiores voluptas unde aspernatur praesentium in? Aliquam, dolore!',0,10,'products/dummy/laptop-7.jpg','[\"products\\/dummy\\/laptop-2.jpg\",\"products\\/dummy\\/laptop-3.jpg\",\"products\\/dummy\\/laptop-4.jpg\"]','2019-07-17 06:04:28','2019-07-17 06:04:28'),(8,'Laptop 8','laptop-8','13 inch, 3 TB SSD, 32GB RAM',216687,'Lorem 8 ipsum dolor sit amet, consectetur adipisicing elit. Ipsum temporibus iusto ipsa, asperiores voluptas unde aspernatur praesentium in? Aliquam, dolore!',0,10,'products/dummy/laptop-8.jpg','[\"products\\/dummy\\/laptop-2.jpg\",\"products\\/dummy\\/laptop-3.jpg\",\"products\\/dummy\\/laptop-4.jpg\"]','2019-07-17 06:04:28','2019-07-17 06:04:28'),(9,'Laptop 9','laptop-9','14 inch, 2 TB SSD, 32GB RAM',209330,'Lorem 9 ipsum dolor sit amet, consectetur adipisicing elit. Ipsum temporibus iusto ipsa, asperiores voluptas unde aspernatur praesentium in? Aliquam, dolore!',0,10,'products/dummy/laptop-9.jpg','[\"products\\/dummy\\/laptop-2.jpg\",\"products\\/dummy\\/laptop-3.jpg\",\"products\\/dummy\\/laptop-4.jpg\"]','2019-07-17 06:04:29','2019-07-17 06:04:29'),(10,'Laptop 10','laptop-10','15 inch, 2 TB SSD, 32GB RAM',206615,'Lorem 10 ipsum dolor sit amet, consectetur adipisicing elit. Ipsum temporibus iusto ipsa, asperiores voluptas unde aspernatur praesentium in? Aliquam, dolore!',0,10,'products/dummy/laptop-10.jpg','[\"products\\/dummy\\/laptop-2.jpg\",\"products\\/dummy\\/laptop-3.jpg\",\"products\\/dummy\\/laptop-4.jpg\"]','2019-07-17 06:04:29','2019-07-17 06:04:29'),(11,'Laptop 11','laptop-11','15 inch, 3 TB SSD, 32GB RAM',221977,'<p>Lorem 11 ipsum dolor sit amet, consectetur adipisicing elit. Ipsum temporibus iusto ipsa, asperiores voluptas unde aspernatur praesentium in? Aliquam, dolore!</p>',0,10,'products/dummy/laptop-11.jpg','[\"products\\/dummy\\/laptop-2.jpg\",\"products\\/dummy\\/laptop-3.jpg\",\"products\\/dummy\\/laptop-4.jpg\"]','2019-07-17 06:04:00','2019-07-17 06:04:00'),(12,'Laptop 12','laptop-12','13 inch, 3 TB SSD, 32GB RAM',151189,'Lorem 12 ipsum dolor sit amet, consectetur adipisicing elit. Ipsum temporibus iusto ipsa, asperiores voluptas unde aspernatur praesentium in? Aliquam, dolore!',1,10,'products/dummy/laptop-12.jpg','[\"products\\/dummy\\/laptop-2.jpg\",\"products\\/dummy\\/laptop-3.jpg\",\"products\\/dummy\\/laptop-4.jpg\"]','2019-07-17 06:04:30','2019-07-17 06:04:36'),(13,'Laptop 13','laptop-13','14 inch, 3 TB SSD, 32GB RAM',205135,'Lorem 13 ipsum dolor sit amet, consectetur adipisicing elit. Ipsum temporibus iusto ipsa, asperiores voluptas unde aspernatur praesentium in? Aliquam, dolore!',0,10,'products/dummy/laptop-13.jpg','[\"products\\/dummy\\/laptop-2.jpg\",\"products\\/dummy\\/laptop-3.jpg\",\"products\\/dummy\\/laptop-4.jpg\"]','2019-07-17 06:04:30','2019-07-17 06:04:30'),(14,'Laptop 14','laptop-14','13 inch, 1 TB SSD, 32GB RAM',180692,'Lorem 14 ipsum dolor sit amet, consectetur adipisicing elit. Ipsum temporibus iusto ipsa, asperiores voluptas unde aspernatur praesentium in? Aliquam, dolore!',0,10,'products/dummy/laptop-14.jpg','[\"products\\/dummy\\/laptop-2.jpg\",\"products\\/dummy\\/laptop-3.jpg\",\"products\\/dummy\\/laptop-4.jpg\"]','2019-07-17 06:04:30','2019-07-17 06:04:30'),(15,'Laptop 15','laptop-15','15 inch, 3 TB SSD, 32GB RAM',194011,'Lorem 15 ipsum dolor sit amet, consectetur adipisicing elit. Ipsum temporibus iusto ipsa, asperiores voluptas unde aspernatur praesentium in? Aliquam, dolore!',0,10,'products/dummy/laptop-15.jpg','[\"products\\/dummy\\/laptop-2.jpg\",\"products\\/dummy\\/laptop-3.jpg\",\"products\\/dummy\\/laptop-4.jpg\"]','2019-07-17 06:04:31','2019-07-17 06:04:31'),(16,'Laptop 16','laptop-16','13 inch, 1 TB SSD, 32GB RAM',174428,'<p>Lorem 16 ipsum dolor sit amet, consectetur adipisicing elit. Ipsum temporibus iusto ipsa, asperiores voluptas unde aspernatur praesentium in? Aliquam, dolore!</p>',1,10,'products/dummy/laptop-16.jpg','[\"products\\/dummy\\/laptop-2.jpg\",\"products\\/dummy\\/laptop-3.jpg\",\"products\\/dummy\\/laptop-4.jpg\"]','2019-07-17 06:04:00','2019-07-17 06:04:00'),(17,'Laptop 17','laptop-17','14 inch, 1 TB SSD, 32GB RAM',224497,'Lorem 17 ipsum dolor sit amet, consectetur adipisicing elit. Ipsum temporibus iusto ipsa, asperiores voluptas unde aspernatur praesentium in? Aliquam, dolore!',0,10,'products/dummy/laptop-17.jpg','[\"products\\/dummy\\/laptop-2.jpg\",\"products\\/dummy\\/laptop-3.jpg\",\"products\\/dummy\\/laptop-4.jpg\"]','2019-07-17 06:04:31','2019-07-17 06:04:31'),(18,'Laptop 18','laptop-18','15 inch, 3 TB SSD, 32GB RAM',168165,'<p>Lorem 18 ipsum dolor sit amet, consectetur adipisicing elit. Ipsum temporibus iusto ipsa, asperiores voluptas unde aspernatur praesentium in? Aliquam, dolore!</p>',0,10,'products/dummy/laptop-18.jpg','[\"products\\/dummy\\/laptop-2.jpg\",\"products\\/dummy\\/laptop-3.jpg\",\"products\\/dummy\\/laptop-4.jpg\"]','2019-07-17 06:04:00','2019-07-17 06:04:00'),(19,'Laptop 19','laptop-19','13 inch, 2 TB SSD, 32GB RAM',211496,'<p>Lorem 19 ipsum dolor sit amet, consectetur adipisicing elit. Ipsum temporibus iusto ipsa, asperiores voluptas unde aspernatur praesentium in? Aliquam, dolore!</p>',0,10,'products/dummy/laptop-19.jpg','[\"products\\/dummy\\/laptop-2.jpg\",\"products\\/dummy\\/laptop-3.jpg\",\"products\\/dummy\\/laptop-4.jpg\"]','2019-07-17 06:04:00','2019-07-17 06:04:00'),(20,'Laptop 20','laptop-20','14 inch, 2 TB SSD, 32GB RAM',230594,'<p>Lorem 20 ipsum dolor sit amet, consectetur adipisicing elit. Ipsum temporibus iusto ipsa, asperiores voluptas unde aspernatur praesentium in? Aliquam, dolore!</p>',0,10,'products/dummy/laptop-20.jpg','[\"products\\/dummy\\/laptop-2.jpg\",\"products\\/dummy\\/laptop-3.jpg\",\"products\\/dummy\\/laptop-4.jpg\"]','2019-07-17 06:04:00','2019-07-17 06:04:00'),(21,'Laptop 21','laptop-21','13 inch, 2 TB SSD, 32GB RAM',204054,'<p>Lorem 21 ipsum dolor sit amet, consectetur adipisicing elit. Ipsum temporibus iusto ipsa, asperiores voluptas unde aspernatur praesentium in? Aliquam, dolore!</p>',0,10,'products/dummy/laptop-21.jpg','[\"products\\/dummy\\/laptop-2.jpg\",\"products\\/dummy\\/laptop-3.jpg\",\"products\\/dummy\\/laptop-4.jpg\"]','2019-07-17 06:04:00','2019-07-17 06:04:00'),(22,'Laptop 22','laptop-22','15 inch, 3 TB SSD, 32GB RAM',240632,'<p>Lorem 22 ipsum dolor sit amet, consectetur adipisicing elit. Ipsum temporibus iusto ipsa, asperiores voluptas unde aspernatur praesentium in? Aliquam, dolore!</p>',1,10,'products/dummy/laptop-22.jpg','[\"products\\/dummy\\/laptop-2.jpg\",\"products\\/dummy\\/laptop-3.jpg\",\"products\\/dummy\\/laptop-4.jpg\"]','2019-07-17 06:04:00','2019-07-17 06:04:00'),(23,'Laptop 23','laptop-23','15 inch, 3 TB SSD, 32GB RAM',182438,'<p>Lorem 23 ipsum dolor sit amet, consectetur adipisicing elit. Ipsum temporibus iusto ipsa, asperiores voluptas unde aspernatur praesentium in? Aliquam, dolore!</p>',1,10,'products/dummy/laptop-23.jpg','[\"products\\/dummy\\/laptop-2.jpg\",\"products\\/dummy\\/laptop-3.jpg\",\"products\\/dummy\\/laptop-4.jpg\"]','2019-07-17 06:04:00','2019-07-17 06:04:00'),(24,'Laptop 24','laptop-24','15 inch, 1 TB SSD, 32GB RAM',214097,'<p>Lorem 24 ipsum dolor sit amet, consectetur adipisicing elit. Ipsum temporibus iusto ipsa, asperiores voluptas unde aspernatur praesentium in? Aliquam, dolore!</p>',1,10,'products/dummy/laptop-24.jpg','[\"products\\/dummy\\/laptop-2.jpg\",\"products\\/dummy\\/laptop-3.jpg\",\"products\\/dummy\\/laptop-4.jpg\"]','2019-07-17 06:04:00','2019-07-17 06:04:00'),(25,'Laptop 25','laptop-25','15 inch, 3 TB SSD, 32GB RAM',151285,'<p>Lorem 25 ipsum dolor sit amet, consectetur adipisicing elit. Ipsum temporibus iusto ipsa, asperiores voluptas unde aspernatur praesentium in? Aliquam, dolore!</p>',0,10,'products/dummy/laptop-25.jpg','[\"products\\/dummy\\/laptop-2.jpg\",\"products\\/dummy\\/laptop-3.jpg\",\"products\\/dummy\\/laptop-4.jpg\"]','2019-07-17 06:04:00','2019-07-17 06:04:00'),(26,'Laptop 26','laptop-26','13 inch, 1 TB SSD, 32GB RAM',197499,'<p>Lorem 26 ipsum dolor sit amet, consectetur adipisicing elit. Ipsum temporibus iusto ipsa, asperiores voluptas unde aspernatur praesentium in? Aliquam, dolore!</p>',1,10,'products/dummy/laptop-26.jpg','[\"products\\/dummy\\/laptop-2.jpg\",\"products\\/dummy\\/laptop-3.jpg\",\"products\\/dummy\\/laptop-4.jpg\"]','2019-07-17 06:04:00','2019-07-17 06:04:00'),(27,'Laptop 27','laptop-27','15 inch, 3 TB SSD, 32GB RAM',170699,'<p>Lorem 27 ipsum dolor sit amet, consectetur adipisicing elit. Ipsum temporibus iusto ipsa, asperiores voluptas unde aspernatur praesentium in? Aliquam, dolore!</p>',0,10,'products/dummy/laptop-27.jpg','[\"products\\/dummy\\/laptop-2.jpg\",\"products\\/dummy\\/laptop-3.jpg\",\"products\\/dummy\\/laptop-4.jpg\"]','2019-07-17 06:04:00','2019-07-17 06:04:00'),(28,'Laptop 28','laptop-28','14 inch, 2 TB SSD, 32GB RAM',242144,'<p>Lorem 28 ipsum dolor sit amet, consectetur adipisicing elit. Ipsum temporibus iusto ipsa, asperiores voluptas unde aspernatur praesentium in? Aliquam, dolore!</p>',1,10,'products/dummy/laptop-28.jpg','[\"products\\/dummy\\/laptop-2.jpg\",\"products\\/dummy\\/laptop-3.jpg\",\"products\\/dummy\\/laptop-4.jpg\"]','2019-07-17 06:04:00','2019-07-17 06:04:00'),(29,'Laptop 29','laptop-29','13 inch, 3 TB SSD, 32GB RAM',210406,'<p>Lorem 29 ipsum dolor sit amet, consectetur adipisicing elit. Ipsum temporibus iusto ipsa, asperiores voluptas unde aspernatur praesentium in? Aliquam, dolore!</p>',0,10,'products/dummy/laptop-29.jpg','[\"products\\/dummy\\/laptop-2.jpg\",\"products\\/dummy\\/laptop-3.jpg\",\"products\\/dummy\\/laptop-4.jpg\"]','2019-07-17 06:04:00','2019-07-17 06:04:00'),(30,'Laptop 30','laptop-30','15 inch, 3 TB SSD, 32GB RAM',214928,'<p>Lorem 30 ipsum dolor sit amet, consectetur adipisicing elit. Ipsum temporibus iusto ipsa, asperiores voluptas unde aspernatur praesentium in? Aliquam, dolore!</p>',1,10,'products/dummy/laptop-30.jpg','[\"products\\/dummy\\/laptop-2.jpg\",\"products\\/dummy\\/laptop-3.jpg\",\"products\\/dummy\\/laptop-4.jpg\"]','2019-07-17 06:04:00','2019-07-17 06:04:00');
/*!40000 ALTER TABLE `products` ENABLE KEYS */;
UNLOCK TABLES;
DROP TABLE IF EXISTS `roles`;
/*!40101 SET @saved_cs_client     = @@character_set_client */;
/*!40101 SET character_set_client = utf8 */;
CREATE TABLE `roles` (
  `id` bigint(20) unsigned NOT NULL AUTO_INCREMENT,
  `name` varchar(255) COLLATE utf8mb4_unicode_ci NOT NULL,
  `display_name` varchar(255) COLLATE utf8mb4_unicode_ci NOT NULL,
  `created_at` timestamp NULL DEFAULT NULL,
  `updated_at` timestamp NULL DEFAULT NULL,
  PRIMARY KEY (`id`),
  UNIQUE KEY `roles_name_unique` (`name`)
) ENGINE=InnoDB AUTO_INCREMENT=4 DEFAULT CHARSET=utf8mb4 COLLATE=utf8mb4_unicode_ci;
/*!40101 SET character_set_client = @saved_cs_client */;

LOCK TABLES `roles` WRITE;
/*!40000 ALTER TABLE `roles` DISABLE KEYS */;
INSERT INTO `roles` VALUES (1,'admin','Administrator','2019-07-17 06:04:41','2019-07-17 06:04:41'),(2,'user','Normal User','2019-07-17 06:04:41','2019-07-17 06:04:41'),(3,'adminweb','Admin Web','2019-07-17 06:04:51','2019-07-17 06:04:51');
/*!40000 ALTER TABLE `roles` ENABLE KEYS */;
UNLOCK TABLES;
DROP TABLE IF EXISTS `settings`;
/*!40101 SET @saved_cs_client     = @@character_set_client */;
/*!40101 SET character_set_client = utf8 */;
CREATE TABLE `settings` (
  `id` int(10) unsigned NOT NULL AUTO_INCREMENT,
  `key` varchar(255) COLLATE utf8mb4_unicode_ci NOT NULL,
  `display_name` varchar(255) COLLATE utf8mb4_unicode_ci NOT NULL,
  `value` text COLLATE utf8mb4_unicode_ci,
  `details` text COLLATE utf8mb4_unicode_ci,
  `type` varchar(255) COLLATE utf8mb4_unicode_ci NOT NULL,
  `order` int(11) NOT NULL DEFAULT '1',
  `group` varchar(255) COLLATE utf8mb4_unicode_ci DEFAULT NULL,
  PRIMARY KEY (`id`),
  UNIQUE KEY `settings_key_unique` (`key`)
) ENGINE=InnoDB AUTO_INCREMENT=12 DEFAULT CHARSET=utf8mb4 COLLATE=utf8mb4_unicode_ci;
/*!40101 SET character_set_client = @saved_cs_client */;

LOCK TABLES `settings` WRITE;
/*!40000 ALTER TABLE `settings` DISABLE KEYS */;
INSERT INTO `settings` VALUES (1,'site.title','Site Title','Site Title','','text',1,'Site'),(2,'site.description','Site Description','Site Description','','text',2,'Site'),(3,'site.logo','Site Logo','','','image',3,'Site'),(4,'site.google_analytics_tracking_id','Google Analytics Tracking ID','','','text',4,'Site'),(5,'admin.bg_image','Admin Background Image','','','image',5,'Admin'),(6,'admin.title','Admin Title','Voyager','','text',1,'Admin'),(7,'admin.description','Admin Description','Welcome to Voyager. The Missing Admin for Laravel','','text',2,'Admin'),(8,'admin.loader','Admin Loader','','','image',3,'Admin'),(9,'admin.icon_image','Admin Icon Image','','','image',4,'Admin'),(10,'admin.google_analytics_client_id','Google Analytics Client ID (used for admin dashboard)','','','text',1,'Admin'),(11,'site.stock_threshold','Stock Threshold','5','','text',6,'Site');
/*!40000 ALTER TABLE `settings` ENABLE KEYS */;
UNLOCK TABLES;
DROP TABLE IF EXISTS `subscribe`;
/*!40101 SET @saved_cs_client     = @@character_set_client */;
/*!40101 SET character_set_client = utf8 */;
CREATE TABLE `subscribe` (
  `id` int(10) unsigned NOT NULL AUTO_INCREMENT,
  `name` varchar(255) COLLATE utf8mb4_unicode_ci NOT NULL,
  `email` varchar(255) COLLATE utf8mb4_unicode_ci NOT NULL,
  `created_at` timestamp NULL DEFAULT NULL,
  `updated_at` timestamp NULL DEFAULT NULL,
  PRIMARY KEY (`id`),
  UNIQUE KEY `subscribe_email_unique` (`email`)
) ENGINE=InnoDB DEFAULT CHARSET=utf8mb4 COLLATE=utf8mb4_unicode_ci;
/*!40101 SET character_set_client = @saved_cs_client */;

LOCK TABLES `subscribe` WRITE;
/*!40000 ALTER TABLE `subscribe` DISABLE KEYS */;
/*!40000 ALTER TABLE `subscribe` ENABLE KEYS */;
UNLOCK TABLES;
DROP TABLE IF EXISTS `translations`;
/*!40101 SET @saved_cs_client     = @@character_set_client */;
/*!40101 SET character_set_client = utf8 */;
CREATE TABLE `translations` (
  `id` int(10) unsigned NOT NULL AUTO_INCREMENT,
  `table_name` varchar(255) COLLATE utf8mb4_unicode_ci NOT NULL,
  `column_name` varchar(255) COLLATE utf8mb4_unicode_ci NOT NULL,
  `foreign_key` int(10) unsigned NOT NULL,
  `locale` varchar(255) COLLATE utf8mb4_unicode_ci NOT NULL,
  `value` text COLLATE utf8mb4_unicode_ci NOT NULL,
  `created_at` timestamp NULL DEFAULT NULL,
  `updated_at` timestamp NULL DEFAULT NULL,
  PRIMARY KEY (`id`),
  UNIQUE KEY `translations_table_name_column_name_foreign_key_locale_unique` (`table_name`,`column_name`,`foreign_key`,`locale`)
) ENGINE=InnoDB AUTO_INCREMENT=31 DEFAULT CHARSET=utf8mb4 COLLATE=utf8mb4_unicode_ci;
/*!40101 SET character_set_client = @saved_cs_client */;

LOCK TABLES `translations` WRITE;
/*!40000 ALTER TABLE `translations` DISABLE KEYS */;
INSERT INTO `translations` VALUES (1,'data_types','display_name_singular',1,'pt','Post','2019-07-17 06:04:46','2019-07-17 06:04:46'),(2,'data_types','display_name_singular',2,'pt','Pgina','2019-07-17 06:04:46','2019-07-17 06:04:46'),(3,'data_types','display_name_singular',3,'pt','Utilizador','2019-07-17 06:04:46','2019-07-17 06:04:46'),(4,'data_types','display_name_singular',4,'pt','Categoria','2019-07-17 06:04:46','2019-07-17 06:04:46'),(5,'data_types','display_name_singular',5,'pt','Menu','2019-07-17 06:04:46','2019-07-17 06:04:46'),(6,'data_types','display_name_singular',6,'pt','Funo','2019-07-17 06:04:46','2019-07-17 06:04:46'),(7,'data_types','display_name_plural',1,'pt','Posts','2019-07-17 06:04:46','2019-07-17 06:04:46'),(8,'data_types','display_name_plural',2,'pt','Pginas','2019-07-17 06:04:46','2019-07-17 06:04:46'),(9,'data_types','display_name_plural',3,'pt','Utilizadores','2019-07-17 06:04:46','2019-07-17 06:04:46'),(10,'data_types','display_name_plural',4,'pt','Categorias','2019-07-17 06:04:46','2019-07-17 06:04:46'),(11,'data_types','display_name_plural',5,'pt','Menus','2019-07-17 06:04:47','2019-07-17 06:04:47'),(12,'data_types','display_name_plural',6,'pt','Funes','2019-07-17 06:04:47','2019-07-17 06:04:47'),(13,'categories','slug',1,'pt','categoria-1','2019-07-17 06:04:47','2019-07-17 06:04:47'),(14,'categories','name',1,'pt','Categoria 1','2019-07-17 06:04:47','2019-07-17 06:04:47'),(15,'categories','slug',2,'pt','categoria-2','2019-07-17 06:04:47','2019-07-17 06:04:47'),(16,'categories','name',2,'pt','Categoria 2','2019-07-17 06:04:47','2019-07-17 06:04:47'),(17,'pages','title',1,'pt','Ol Mundo','2019-07-17 06:04:47','2019-07-17 06:04:47'),(18,'pages','slug',1,'pt','ola-mundo','2019-07-17 06:04:47','2019-07-17 06:04:47'),(19,'pages','body',1,'pt','<p>Ol Mundo. Scallywag grog swab Cat o\'nine tails scuttle rigging hardtack cable nipper Yellow Jack. Handsomely spirits knave lad killick landlubber or just lubber deadlights chantey pinnace crack Jennys tea cup. Provost long clothes black spot Yellow Jack bilged on her anchor league lateen sail case shot lee tackle.</p>\r\n<p>Ballast spirits fluke topmast me quarterdeck schooner landlubber or just lubber gabion belaying pin. Pinnace stern galleon starboard warp carouser to go on account dance the hempen jig jolly boat measured fer yer chains. Man-of-war fire in the hole nipperkin handsomely doubloon barkadeer Brethren of the Coast gibbet driver squiffy.</p>','2019-07-17 06:04:47','2019-07-17 06:04:47'),(20,'menu_items','title',1,'pt','Painel de Controle','2019-07-17 06:04:47','2019-07-17 06:04:47'),(21,'menu_items','title',2,'pt','Media','2019-07-17 06:04:47','2019-07-17 06:04:47'),(22,'menu_items','title',3,'pt','Publicaes','2019-07-17 06:04:47','2019-07-17 06:04:47'),(23,'menu_items','title',4,'pt','Utilizadores','2019-07-17 06:04:47','2019-07-17 06:04:47'),(24,'menu_items','title',5,'pt','Categorias','2019-07-17 06:04:47','2019-07-17 06:04:47'),(25,'menu_items','title',6,'pt','Pginas','2019-07-17 06:04:47','2019-07-17 06:04:47'),(26,'menu_items','title',7,'pt','Funes','2019-07-17 06:04:47','2019-07-17 06:04:47'),(27,'menu_items','title',8,'pt','Ferramentas','2019-07-17 06:04:47','2019-07-17 06:04:47'),(28,'menu_items','title',9,'pt','Menus','2019-07-17 06:04:47','2019-07-17 06:04:47'),(29,'menu_items','title',10,'pt','Base de dados','2019-07-17 06:04:47','2019-07-17 06:04:47'),(30,'menu_items','title',12,'pt','Configuraes','2019-07-17 06:04:47','2019-07-17 06:04:47');
/*!40000 ALTER TABLE `translations` ENABLE KEYS */;
UNLOCK TABLES;
DROP TABLE IF EXISTS `user_roles`;
/*!40101 SET @saved_cs_client     = @@character_set_client */;
/*!40101 SET character_set_client = utf8 */;
CREATE TABLE `user_roles` (
  `user_id` int(10) unsigned NOT NULL,
  `role_id` bigint(20) unsigned NOT NULL,
  PRIMARY KEY (`user_id`,`role_id`),
  KEY `user_roles_user_id_index` (`user_id`),
  KEY `user_roles_role_id_index` (`role_id`),
  CONSTRAINT `user_roles_role_id_foreign` FOREIGN KEY (`role_id`) REFERENCES `roles` (`id`) ON DELETE CASCADE,
  CONSTRAINT `user_roles_user_id_foreign` FOREIGN KEY (`user_id`) REFERENCES `users` (`id`) ON DELETE CASCADE
) ENGINE=InnoDB DEFAULT CHARSET=utf8mb4 COLLATE=utf8mb4_unicode_ci;
/*!40101 SET character_set_client = @saved_cs_client */;

LOCK TABLES `user_roles` WRITE;
/*!40000 ALTER TABLE `user_roles` DISABLE KEYS */;
/*!40000 ALTER TABLE `user_roles` ENABLE KEYS */;
UNLOCK TABLES;
DROP TABLE IF EXISTS `users`;
/*!40101 SET @saved_cs_client     = @@character_set_client */;
/*!40101 SET character_set_client = utf8 */;
CREATE TABLE `users` (
  `id` int(10) unsigned NOT NULL AUTO_INCREMENT,
  `dp` varchar(255) COLLATE utf8mb4_unicode_ci DEFAULT 'users/default.jpg',
  `role_id` bigint(20) unsigned DEFAULT NULL,
  `name` varchar(255) COLLATE utf8mb4_unicode_ci NOT NULL,
  `email` varchar(255) COLLATE utf8mb4_unicode_ci NOT NULL,
  `avatar` varchar(255) COLLATE utf8mb4_unicode_ci DEFAULT 'users/default.jpg',
  `phone` bigint(20) unsigned DEFAULT NULL,
  `address` varchar(255) COLLATE utf8mb4_unicode_ci DEFAULT NULL,
  `city` varchar(255) COLLATE utf8mb4_unicode_ci DEFAULT NULL,
  `state` varchar(255) COLLATE utf8mb4_unicode_ci DEFAULT NULL,
  `pin_code` int(10) unsigned DEFAULT NULL,
  `password` varchar(255) COLLATE utf8mb4_unicode_ci NOT NULL,
  `wallet` int(10) unsigned DEFAULT '0',
  `referred` tinyint(1) NOT NULL DEFAULT '0',
  `remember_token` varchar(100) COLLATE utf8mb4_unicode_ci DEFAULT NULL,
  `settings` text COLLATE utf8mb4_unicode_ci,
  `created_at` timestamp NULL DEFAULT NULL,
  `updated_at` timestamp NULL DEFAULT NULL,
  PRIMARY KEY (`id`),
  UNIQUE KEY `users_email_unique` (`email`),
  KEY `users_role_id_foreign` (`role_id`),
  CONSTRAINT `users_role_id_foreign` FOREIGN KEY (`role_id`) REFERENCES `roles` (`id`)
) ENGINE=InnoDB AUTO_INCREMENT=3 DEFAULT CHARSET=utf8mb4 COLLATE=utf8mb4_unicode_ci;
/*!40101 SET character_set_client = @saved_cs_client */;

LOCK TABLES `users` WRITE;
/*!40000 ALTER TABLE `users` DISABLE KEYS */;
INSERT INTO `users` VALUES (1,'users/default.jpg',1,'Admin','vegifruit@admin.com','users/default.jpg',NULL,NULL,NULL,NULL,NULL,'$2y$10$UBP6yf4M3EUZ0CxTdahbnek1re8jBInvHFIPfoLLb6KvCZMP0/Jja',0,0,'KKxl6y7tYCzPBn15FLZJOiE2bLdSKLgXbrmwQBu6czYw6sxObm1HIT7sOGsO',NULL,'2019-07-17 06:04:46','2019-07-17 06:04:46'),(2,'users/default.jpg',3,'Admin Web','adminweb@adminweb.com','users/default.jpg',NULL,NULL,NULL,NULL,NULL,'$2y$10$4u9XoBGiRjBiiGi8CJUwvORbLD5NzAYSqm.qYI6HGUWL9ZVI1udWa',0,0,'XQVRTuhMN3ZqQyCo2HRdLqw1oiwhb6DRhSbqLAu3p9CBM5veEvihhxS3Vhrw',NULL,'2019-07-17 06:04:56','2019-07-17 06:04:56');
/*!40000 ALTER TABLE `users` ENABLE KEYS */;
UNLOCK TABLES;
/*!40103 SET TIME_ZONE=@OLD_TIME_ZONE */;

/*!40101 SET SQL_MODE=@OLD_SQL_MODE */;
/*!40014 SET FOREIGN_KEY_CHECKS=@OLD_FOREIGN_KEY_CHECKS */;
/*!40014 SET UNIQUE_CHECKS=@OLD_UNIQUE_CHECKS */;
/*!40101 SET CHARACTER_SET_CLIENT=@OLD_CHARACTER_SET_CLIENT */;
/*!40101 SET CHARACTER_SET_RESULTS=@OLD_CHARACTER_SET_RESULTS */;
/*!40101 SET COLLATION_CONNECTION=@OLD_COLLATION_CONNECTION */;
/*!40111 SET SQL_NOTES=@OLD_SQL_NOTES */;

